City_ID,City,Country,Lat,Lng,Max Temp,Humidity,Cloudiness,Wind Speed,Current Description
0,Faanui,PF,-16.4833,-151.75,80.04,77,100,18.41,overcast clouds
1,Rio Grande,BR,-32.035,-52.0986,93.31,64,0,17.47,clear sky
2,Ancud,CL,-41.8697,-73.8203,65.73,87,73,6.15,light rain
3,Hasaki,JP,35.7333,140.8333,32.4,48,17,12.39,few clouds
4,Barrow,US,71.2906,-156.7887,-23.78,76,0,4.61,haze
5,Severo-Kurilsk,RU,50.6789,156.125,29.62,87,100,8.03,light snow
6,Usinsk,RU,65.9939,57.5281,19.33,96,100,9.28,light snow
7,Isangel,VU,-19.55,169.2667,77.11,94,100,7.2,overcast clouds
8,Margate,GB,51.3813,1.3862,48.96,80,93,13.18,overcast clouds
9,Port Alfred,ZA,-33.5906,26.891,72.46,80,86,17.2,overcast clouds
10,Kulhudhuffushi,MV,6.6221,73.07,80.56,72,6,3.51,clear sky
11,Ribeira Grande,PT,38.5167,-28.7,61.2,67,20,17.27,few clouds
12,Bluff,NZ,-46.6,168.3333,51.8,80,100,3.49,overcast clouds
13,Daru,PG,-9.0763,143.2092,76.08,88,100,8.93,overcast clouds
14,Castro,BR,-24.7911,-50.0119,74.34,81,33,2.46,scattered clouds
15,Vaini,TO,-21.2,-175.2,71.76,100,20,2.3,few clouds
16,Kahului,US,20.8947,-156.47,73.85,77,20,3.44,few clouds
17,Komsomolskiy,UZ,40.4272,71.7189,35.02,86,6,6.91,mist
18,Victoria,HK,22.2855,114.1577,56.32,81,100,1.01,overcast clouds
19,Punta Arenas,CL,-53.15,-70.9167,51.82,53,0,9.22,clear sky
20,Hermanus,ZA,-34.4187,19.2345,64.9,78,2,8.75,clear sky
21,Mahebourg,MU,-20.4081,57.7,80.89,89,75,25.32,broken clouds
22,Yellowknife,CA,62.456,-114.3525,-23.58,74,0,8.05,clear sky
23,Avarua,CK,-21.2078,-159.775,80.65,83,75,14.97,broken clouds
24,Saskylakh,RU,71.9167,114.0833,-19.77,97,100,1.9,overcast clouds
25,Hobart,AU,-42.8794,147.3294,48.06,85,13,9.22,few clouds
26,Bambous Virieux,MU,-20.3428,57.7575,80.85,89,75,25.32,moderate rain
27,Ushuaia,AR,-54.8,-68.3,47.82,61,75,14.97,broken clouds
28,Busselton,AU,-33.65,115.3333,79.05,40,53,8.86,broken clouds
29,Cape Town,ZA,-33.9258,18.4232,67.26,64,40,1.99,scattered clouds
30,Guacui,BR,-20.7756,-41.6794,75.22,89,99,3.78,overcast clouds
31,Cherskiy,RU,68.75,161.3,-28.52,99,6,1.3,clear sky
32,Lorengau,PG,-2.0226,147.2712,79.32,79,100,6.87,overcast clouds
33,Laguna,US,38.421,-121.4238,58.23,62,0,1.01,clear sky
34,Qaanaaq,GL,77.484,-69.3632,-14.96,62,100,7.81,overcast clouds
35,Pevek,RU,69.7008,170.3133,-14.42,86,30,1.61,scattered clouds
36,Quzhou,CN,28.9594,118.8686,37.11,100,100,2.53,overcast clouds
37,Pimentel,PE,-6.8367,-79.9342,80.89,57,0,23.02,clear sky
38,Kaeo,NZ,-35.1,173.7833,70.32,92,77,10.33,broken clouds
39,Salalah,OM,17.0151,54.0924,75.29,73,20,0.0,few clouds
40,Carnarvon,AU,-24.8667,113.6333,80.67,78,78,8.05,broken clouds
41,North Platte,US,41.1239,-100.7654,18.99,39,0,5.01,clear sky
42,Albany,US,42.6001,-73.9662,44.55,87,100,1.57,overcast clouds
43,Mount Gambier,AU,-37.8333,140.7667,57.11,67,100,6.91,overcast clouds
44,Chuy,UY,-33.6971,-53.4616,84.54,62,61,13.38,broken clouds
45,Moberly,US,39.4184,-92.4382,15.89,62,75,13.8,broken clouds
46,Norman Wells,CA,65.282,-126.8329,-47.16,59,20,0.0,few clouds
47,Klaksvik,FO,62.2266,-6.589,38.32,70,52,42.37,broken clouds
48,Constitucion,CL,-35.3333,-72.4167,67.86,66,10,7.78,clear sky
49,Macapa,BR,0.0389,-51.0664,85.98,74,75,13.8,heavy intensity rain
50,Atuona,PF,-9.8,-139.0333,78.31,71,0,15.37,clear sky
51,Deogarh,IN,21.5333,84.7333,63.03,96,21,4.36,few clouds
52,Atar,MR,20.5169,-13.0499,78.12,8,0,10.25,clear sky
53,Carauari,BR,-4.8828,-66.8958,83.23,77,93,4.7,overcast clouds
54,Kawalu,ID,-7.3817,108.2082,71.64,93,96,3.78,overcast clouds
55,Rikitea,PF,-23.1203,-134.9692,77.47,77,100,14.94,light rain
56,Gat,IL,31.61,34.7642,57.4,100,6,15.05,clear sky
57,Georgetown,MY,5.4112,100.3354,82.33,90,20,1.99,few clouds
58,Jamestown,US,42.097,-79.2353,31.08,55,100,11.5,mist
59,Torbay,CA,47.6666,-52.7314,36.27,77,75,23.02,broken clouds
60,Sao Joaquim Do Monte,BR,-8.4325,-35.8044,83.08,48,97,16.13,overcast clouds
61,Deputatskiy,RU,69.3,139.9,-24.16,95,97,1.54,overcast clouds
62,Ahipara,NZ,-35.1667,173.1667,70.23,87,90,12.88,overcast clouds
63,Lethem,GY,3.3803,-59.7968,89.65,58,40,13.8,scattered clouds
64,Grindavik,IS,63.8424,-22.4338,25.27,80,75,13.8,broken clouds
65,Debre Birhan,ET,9.6833,39.5333,48.56,57,10,5.01,clear sky
66,Upernavik,GL,72.7868,-56.1549,-4.9,64,100,4.63,overcast clouds
67,Monmouth,US,40.3001,-74.1663,46.78,97,100,6.91,overcast clouds
68,Shache,CN,38.4167,77.2406,28.87,41,100,4.5,overcast clouds
69,Waingapu,ID,-9.6567,120.2641,78.94,84,89,10.6,overcast clouds
70,Hofn,IS,64.2539,-15.2082,30.7,58,100,22.28,overcast clouds
71,Puerto Ayora,EC,-0.7393,-90.3518,82.36,85,10,5.99,clear sky
72,Celestun,MX,20.8667,-90.4,86.2,52,0,5.35,clear sky
73,Batagay-Alyta,RU,67.8006,130.4114,-17.91,96,100,4.0,overcast clouds
74,Butaritari,KI,3.0707,172.7902,80.47,78,32,12.71,moderate rain
75,Korcula,HR,42.9622,17.1369,39.76,43,100,5.41,overcast clouds
76,Arraial Do Cabo,BR,-22.9661,-42.0278,80.56,78,75,10.36,broken clouds
77,Saint-Philippe,RE,-21.3585,55.7679,80.15,93,100,39.48,heavy intensity rain
78,Umea,SE,63.8284,20.2597,4.93,85,75,3.44,broken clouds
79,Talnakh,RU,69.4865,88.3972,-13.36,99,100,6.8,overcast clouds
80,Strezhevoy,RU,60.7333,77.5889,19.38,96,100,8.03,overcast clouds
81,Eyl,SO,7.9803,49.8164,74.26,70,8,17.76,clear sky
82,Jiazi,CN,22.8779,116.067,54.28,82,100,10.42,overcast clouds
83,Port Blair,IN,11.6667,92.75,75.24,88,40,2.3,mist
84,Yueyang,CN,29.3333,113.0919,41.34,79,100,4.29,overcast clouds
85,Mataura,NZ,-46.1927,168.8643,51.48,98,100,0.51,moderate rain
86,Lima Duarte,BR,-21.8425,-43.7931,81.16,94,100,2.89,moderate rain
87,Bredasdorp,ZA,-34.5322,20.0403,64.27,68,31,16.11,scattered clouds
88,Chokurdakh,RU,70.6333,147.9167,-27.85,99,57,3.38,broken clouds
89,Gorontalo,ID,0.5412,123.0595,73.65,97,100,4.79,overcast clouds
90,Tura,IN,25.5198,90.2201,59.86,57,77,4.65,broken clouds
91,Lebu,CL,-37.6167,-73.65,64.33,80,100,13.89,overcast clouds
92,Horsham,GB,51.064,-0.3272,50.02,71,40,8.05,scattered clouds
93,Longyearbyen,SJ,78.2186,15.6401,17.44,67,0,0.0,clear sky
94,Aguimes,ES,27.9054,-15.4461,73.65,56,100,3.44,overcast clouds
95,Homer,US,59.6425,-151.5483,35.49,75,100,9.22,light snow
96,Airai,TL,-8.9266,125.4092,60.89,94,100,2.75,overcast clouds
97,Kapaa,US,22.0752,-159.319,71.92,87,20,11.5,few clouds
98,Leningradskiy,RU,69.3833,178.4167,-12.39,84,2,8.55,clear sky
99,Samsun,TR,41.25,36.3333,48.96,81,75,20.71,broken clouds
100,Vila Velha,BR,-20.3297,-40.2925,77.95,89,75,1.99,broken clouds
101,Urengoy,RU,65.9667,78.3667,7.99,96,100,3.13,light snow
102,Ponta Do Sol,PT,32.6667,-17.1,68.0,73,44,5.53,scattered clouds
103,Tandil,AR,-37.3217,-59.1332,79.74,60,7,3.27,clear sky
104,San Luis,AR,-33.295,-66.3356,90.68,22,14,11.99,few clouds
105,Tuatapere,NZ,-46.1333,167.6833,51.82,92,100,2.71,moderate rain
106,Iqaluit,CA,63.7506,-68.5145,-9.31,63,100,8.99,light snow
107,Puerto Colombia,CO,10.9878,-74.9547,89.69,72,0,20.76,clear sky
108,Mehamn,NO,71.0357,27.8492,24.98,93,75,9.22,broken clouds
109,Kavaratti,IN,10.5669,72.642,79.05,70,5,6.24,clear sky
110,Caravelas,BR,-17.7125,-39.2481,83.91,62,88,8.9,overcast clouds
111,Honningsvag,NO,70.9821,25.9704,24.55,80,40,8.05,scattered clouds
112,Beloha,MG,-25.1667,45.05,74.08,86,26,17.94,scattered clouds
113,Dvorichna,UA,49.8496,37.6857,32.18,99,100,6.62,light snow
114,Nantucket,US,41.2835,-70.0995,48.31,93,100,5.75,mist
115,Sao Joao Da Barra,BR,-21.6403,-41.0511,80.69,90,100,11.99,overcast clouds
116,Dikson,RU,73.5069,80.5464,-16.42,99,100,5.08,overcast clouds
117,Shenjiamen,CN,29.9576,122.298,43.81,70,92,13.0,overcast clouds
118,Puerto Del Rosario,ES,28.5004,-13.8627,71.35,46,0,2.3,clear sky
119,Poum,NC,-20.2333,164.0167,81.91,81,100,14.32,light rain
120,Tuktoyaktuk,CA,69.4541,-133.0374,-18.4,76,75,9.22,light snow
121,Mar Del Plata,AR,-38.0023,-57.5575,73.42,87,0,5.99,light rain
122,Bengkulu,ID,-3.8004,102.2655,75.97,90,100,4.88,overcast clouds
123,Koungou,YT,-12.7336,45.2042,83.91,79,20,4.61,few clouds
124,Maridi,SS,4.9158,29.4742,80.85,26,100,7.52,overcast clouds
125,Roebourne,AU,-20.7833,117.1333,83.52,70,96,5.46,overcast clouds
126,Maragogi,BR,-9.0122,-35.2225,83.84,59,59,12.17,broken clouds
127,Hilo,US,19.7297,-155.09,73.4,68,40,8.05,scattered clouds
128,Nyurba,RU,63.2842,118.3319,-26.57,100,78,3.65,broken clouds
129,Angoram,PG,-4.0625,144.0661,72.07,96,100,1.61,light rain
130,Marawi,PH,7.9986,124.2928,67.64,92,94,0.87,overcast clouds
131,Basoko,CD,1.2391,23.616,80.74,48,100,6.11,overcast clouds
132,Coihaique,CL,-45.5752,-72.0662,72.21,52,75,8.05,broken clouds
133,Luderitz,NA,-26.6481,15.1594,68.85,71,2,16.53,clear sky
134,Guiren,CN,33.6697,118.1889,33.75,60,6,3.4,clear sky
135,Cap Malheureux,MU,-19.9842,57.6142,81.09,85,100,17.0,light rain
136,Iracoubo,GF,5.4802,-53.2011,78.49,86,33,10.87,scattered clouds
137,Antofagasta,CL,-23.65,-70.4,71.22,64,4,11.61,clear sky
138,Antalaha,MG,-14.9003,50.2788,77.58,83,100,5.32,overcast clouds
139,Tasiilaq,GL,65.6145,-37.6368,14.16,57,100,7.67,overcast clouds
140,Thompson,CA,55.7435,-97.8558,-16.44,63,40,8.05,scattered clouds
141,Hami,CN,42.8,93.45,24.64,34,69,4.16,broken clouds
142,Khatanga,RU,71.9667,102.5,-33.59,100,35,2.91,scattered clouds
143,Ayan,RU,56.45,138.1667,-3.03,72,100,14.5,overcast clouds
144,Lazaro Cardenas,MX,17.9583,-102.2,81.84,53,0,8.84,clear sky
145,Ulaangom,MN,49.9811,92.0667,-22.09,85,37,3.31,scattered clouds
146,Te Anau,NZ,-45.4167,167.7167,47.23,97,100,4.56,heavy intensity rain
147,Seymchan,RU,62.8833,152.4333,-16.13,93,100,4.14,overcast clouds
148,East London,ZA,-33.0153,27.9116,68.94,94,40,6.91,scattered clouds
149,Elko,US,41.0002,-115.5012,30.06,49,34,3.58,scattered clouds
150,Nicoya,CR,10.1483,-85.452,89.15,28,0,2.17,clear sky
151,Canguaretama,BR,-6.38,-35.1289,88.29,60,14,14.65,few clouds
152,Wucheng,CN,29.6008,118.175,37.17,96,100,2.44,overcast clouds
153,Mecca,SA,21.4267,39.8261,74.52,78,76,3.53,broken clouds
154,Bethel,US,41.3712,-73.414,44.17,100,100,2.13,light rain
155,Kodiak,US,57.79,-152.4072,38.71,93,100,19.57,light rain
156,Neyshabur,IR,36.2133,58.7958,41.81,39,59,0.25,broken clouds
157,Cidreira,BR,-30.1811,-50.2056,80.4,75,66,17.56,broken clouds
158,Anadyr,RU,64.75,177.4833,12.7,62,100,35.79,overcast clouds
159,Vuktyl,RU,63.8567,57.3094,17.17,96,100,5.01,overcast clouds
160,Yuzhnyy,RU,53.2542,83.6936,10.78,85,0,6.71,clear sky
161,Mutuipe,BR,-13.2286,-39.5047,84.74,55,100,8.97,overcast clouds
162,Olafsvik,IS,64.8945,-23.7142,25.34,69,96,16.51,overcast clouds
163,Husavik,IS,66.0449,-17.3389,17.51,92,100,21.12,light snow
164,Provideniya,RU,64.3833,-173.3,1.27,66,94,22.79,overcast clouds
165,Waipawa,NZ,-41.4122,175.5153,66.83,70,20,7.23,few clouds
166,Valparaiso,CL,-33.0393,-71.6273,71.24,63,40,13.8,scattered clouds
167,Raga,SS,8.4596,25.678,80.17,20,60,4.41,broken clouds
168,Araouane,ML,18.9048,-3.5265,71.91,9,0,9.48,clear sky
169,Bonthe,SL,7.5264,-12.505,80.44,74,0,11.18,clear sky
170,Praxedis Guerrero,MX,31.3667,-106.0167,31.28,59,96,10.58,overcast clouds
171,Goderich,CA,43.7501,-81.7165,19.9,67,100,14.97,overcast clouds
172,New Norfolk,AU,-42.7826,147.0587,47.71,73,14,2.62,few clouds
173,Galle,LK,6.0367,80.217,74.68,82,0,4.27,clear sky
174,Port Augusta,AU,-32.5,137.7667,60.94,58,0,7.05,clear sky
175,Port Elizabeth,ZA,-33.918,25.5701,68.29,77,20,16.11,few clouds
176,Plavinas,LV,56.6178,25.7255,18.0,99,80,2.01,broken clouds
177,Aklavik,CA,68.2191,-135.0107,-18.4,69,75,3.44,broken clouds
178,Abu Samrah,SY,35.3029,37.1841,49.64,64,81,3.51,broken clouds
179,Saldanha,ZA,-33.0117,17.9442,68.05,82,24,10.67,few clouds
180,Man,CI,7.4125,-7.5538,76.86,16,0,2.53,clear sky
181,Kruisfontein,ZA,-34.0033,24.7314,65.88,75,75,15.59,broken clouds
182,Ostrovnoy,RU,68.0531,39.5131,12.79,81,100,0.89,overcast clouds
183,Douentza,ML,14.9951,-2.9517,75.92,11,0,7.52,clear sky
184,Hanzhong,CN,33.0728,107.0303,37.63,71,95,2.26,overcast clouds
185,Buinsk,RU,54.95,48.2833,30.09,97,100,7.4,snow
186,Lowestoft,GB,52.4752,1.7516,47.95,88,100,13.69,overcast clouds
187,Muros,ES,42.7762,-9.0603,55.69,89,100,5.64,overcast clouds
188,Livingstone,ZM,-17.8419,25.8543,71.17,86,22,4.38,few clouds
189,Bandarbeyla,SO,9.4942,50.8122,75.94,64,0,18.32,clear sky
190,San Jeronimo,PE,-11.9472,-75.2829,61.38,57,85,6.04,overcast clouds
191,Coquimbo,CL,-29.9533,-71.3436,68.76,69,14,8.46,few clouds
192,Srednekolymsk,RU,67.45,153.6833,-34.58,100,62,2.48,broken clouds
193,Hithadhoo,MV,-0.6,73.0833,81.57,71,55,6.78,broken clouds
194,Santo Antonio Do Ica,BR,-3.1022,-67.9397,80.06,89,96,4.29,overcast clouds
195,Doha,QA,25.2867,51.5333,64.38,77,0,3.44,clear sky
196,Nouadhibou,MR,20.931,-17.0347,85.98,17,0,8.05,dust
197,Moose Factory,CA,51.2585,-80.6094,-7.6,49,0,12.66,clear sky
198,Nome,US,64.5011,-165.4064,5.07,57,0,33.38,clear sky
199,Yadgir,IN,16.7667,77.1333,75.7,35,4,9.91,clear sky
200,Guangshui,CN,31.6199,113.9978,33.51,83,7,3.69,clear sky
201,Charlestown,AU,-32.95,151.6667,62.82,95,79,3.0,light rain
202,Dolores,AR,-36.3132,-57.6792,77.63,66,86,2.82,overcast clouds
203,Kaitangata,NZ,-46.2817,169.8464,48.94,94,100,2.35,light rain
204,Gualaceo,EC,-2.9,-78.7833,74.86,64,74,6.33,light rain
205,Biu,NG,10.6129,12.1946,71.62,15,1,9.35,clear sky
206,Athabasca,CA,54.7169,-113.2854,-9.71,84,100,4.27,overcast clouds
207,Bubaque,GW,11.2833,-15.8333,77.9,75,0,14.2,clear sky
208,Abapo,BO,-18.8333,-63.4667,90.54,36,80,11.63,broken clouds
209,Rudnogorsk,RU,57.2639,103.7519,3.49,99,100,3.58,overcast clouds
210,Maarianhamina,AX,60.0973,19.9348,19.26,93,20,2.3,few clouds
211,Benghazi,LY,32.1167,20.0667,56.21,54,99,30.87,overcast clouds
212,Kushiro,JP,42.975,144.3747,13.93,87,27,6.38,scattered clouds
213,Catamarca,AR,-28.4696,-65.7852,91.78,41,12,5.99,few clouds
214,Jalu,LY,29.0331,21.5482,54.01,62,14,17.09,few clouds
215,Oga,IT,46.4631,10.347,36.68,93,100,4.0,overcast clouds
216,Bairiki,KI,1.3292,172.9752,80.6,94,75,5.75,light rain
217,Mitu,CO,1.1983,-70.1733,75.38,94,100,0.58,overcast clouds
218,Amapa,BR,1.0,-52.0,78.73,94,100,4.34,overcast clouds
219,Riyadh,SA,24.6877,46.7219,66.34,33,0,12.55,clear sky
220,Avera,US,33.194,-82.5271,75.94,55,100,17.29,overcast clouds
221,Tigil,RU,57.8,158.6667,-0.27,95,89,1.19,overcast clouds
222,Teya,RU,60.3778,92.6267,15.4,89,100,9.53,overcast clouds
223,Esperance,AU,-33.8667,121.9,62.44,77,0,16.28,clear sky
224,Adrar,MR,20.5022,-10.0711,70.47,12,0,10.11,clear sky
225,Revelstoke,CA,50.9832,-118.2023,17.62,93,100,0.0,overcast clouds
226,Faya,SA,18.3851,42.4509,59.11,71,7,3.51,clear sky
227,Souillac,MU,-20.5167,57.5167,80.98,89,75,25.32,light rain
228,Bac Lieu,VN,9.285,105.7244,77.61,83,11,18.34,few clouds
229,Hobyo,SO,5.3505,48.5268,77.56,72,14,19.04,few clouds
230,Rimini,IT,44.0241,12.5186,49.14,69,0,5.01,clear sky
231,Berezivka,UA,47.2043,30.9078,29.66,81,90,15.73,overcast clouds
232,Meulaboh,ID,4.1363,96.1285,75.81,86,97,4.12,overcast clouds
233,Kalemie,CD,-5.9475,29.1947,70.47,89,100,5.73,light rain
234,Khani,GE,41.9563,42.9566,38.77,73,44,9.06,scattered clouds
235,Tiznit,MA,29.5833,-9.5,65.25,36,100,1.81,overcast clouds
236,Namibe,AO,-15.1961,12.1522,74.26,70,2,11.27,clear sky
237,Krasnoselkup,RU,65.7,82.4667,7.75,96,99,8.9,overcast clouds
238,Humberto De Campos,BR,-2.5983,-43.4611,85.08,67,57,8.68,broken clouds
239,Phalaborwa,ZA,-23.943,31.1411,84.31,43,0,5.21,clear sky
240,Kirakira,SB,-10.4544,161.9205,78.17,89,100,5.93,overcast clouds
241,San Patricio,US,28.017,-97.5169,40.89,76,100,19.84,overcast clouds
242,Drayton Valley,CA,53.2168,-114.9854,-1.08,88,100,4.79,light snow
243,Saint-Augustin,CA,51.226,-58.6502,33.64,99,100,16.75,light snow
244,Jumla,NP,29.2747,82.1838,34.3,97,100,5.44,snow
245,Tagusao,PH,9.1924,117.8141,77.81,80,16,1.88,few clouds
246,Broken Hill,AU,-31.95,141.4333,60.51,51,0,12.66,clear sky
247,Altamira,BR,-3.2033,-52.2064,89.69,58,40,3.44,scattered clouds
248,Lamar,US,33.6668,-95.5836,26.26,86,100,16.11,snow
249,Inirida,CO,3.8653,-67.9239,86.56,56,93,2.44,overcast clouds
250,Changchun,CN,43.88,125.3228,-2.24,93,11,4.14,few clouds
251,Troy,US,42.6056,-83.1499,24.44,85,100,1.99,overcast clouds
252,Hambantota,LK,6.1241,81.1185,75.54,100,20,4.61,few clouds
253,Bani Walid,LY,31.7566,13.9942,52.75,77,0,7.87,clear sky
254,Palmer,US,42.1584,-72.3287,46.33,98,100,4.61,light rain
255,Harbour Breton,CA,47.4833,-55.7983,37.99,88,100,18.72,overcast clouds
256,Sitka,US,57.0531,-135.33,37.29,93,100,6.91,light rain
257,Villa Carlos Paz,AR,-31.4241,-64.4978,82.04,55,31,6.35,light rain
258,Huambo,AO,-12.7761,15.7392,66.45,60,99,1.77,overcast clouds
259,Ambulu,ID,-8.345,113.6058,75.88,88,74,3.38,broken clouds
260,Olavarria,AR,-36.8927,-60.3225,83.79,52,96,3.96,overcast clouds
261,Goure,NE,13.9835,10.2704,68.02,16,5,10.87,clear sky
262,Isla Vista,US,34.4133,-119.861,65.79,46,0,3.44,clear sky
263,Kununurra,AU,-15.7667,128.7333,78.78,100,100,2.3,overcast clouds
264,Non Sang,TH,16.8687,102.5664,73.51,68,1,3.76,clear sky
265,Labuhan,ID,-6.8844,112.2051,76.84,88,100,8.01,overcast clouds
266,Omsukchan,RU,62.5333,155.8,-10.75,78,15,7.36,few clouds
267,Geraldton,AU,-28.7667,114.6,68.41,60,0,6.91,clear sky
268,Ilulissat,GL,69.2167,-51.1,17.62,45,75,25.32,broken clouds
269,Corinto,GR,37.9407,22.9573,49.89,58,90,1.99,overcast clouds
270,Baie-Comeau,CA,49.2168,-68.1489,17.08,57,100,5.75,overcast clouds
271,Kamaishi,JP,39.2667,141.8833,29.07,64,31,8.9,scattered clouds
272,Katangli,RU,51.7102,143.2326,5.76,93,100,18.28,light snow
273,Grand Gaube,MU,-20.0064,57.6608,81.0,85,100,17.0,light rain
274,Duncan,US,34.5023,-97.9578,19.35,74,100,19.57,overcast clouds
275,Chapais,CA,49.7834,-74.8492,-6.02,75,100,7.47,overcast clouds
276,Takoradi,GH,4.8845,-1.7554,80.85,78,3,11.59,clear sky
277,Coxim,BR,-18.5067,-54.76,84.67,74,98,7.36,overcast clouds
278,Nador,MA,35.174,-2.9287,66.27,82,0,2.3,clear sky
279,Nanakuli,US,21.3906,-158.1547,74.71,73,0,4.61,clear sky
280,Shitanjing,CN,39.2342,106.3439,13.69,36,8,3.91,clear sky
281,Kichera,RU,55.9375,110.0997,-7.98,94,78,1.3,broken clouds
282,Kochi,IN,9.9399,76.2602,78.78,83,8,3.83,clear sky
283,Gualaco,HN,15.05,-86.05,89.44,28,5,4.76,clear sky
284,Jinchang,CN,38.4953,102.1739,18.27,39,0,1.5,clear sky
285,Saint George,US,37.1041,-113.5841,42.64,24,0,1.01,clear sky
286,Clyde River,CA,70.4692,-68.5914,-12.77,77,100,27.63,heavy snow
287,Kalianget,ID,-7.05,113.9333,78.39,84,96,6.76,overcast clouds
288,Walvis Bay,NA,-22.9575,14.5053,70.09,76,0,14.09,clear sky
289,Decatur,US,39.8403,-88.9548,21.51,93,100,19.57,snow
290,Ugoofaaru,MV,5.6667,73.0,80.71,74,5,3.83,clear sky
291,Kysyl-Syr,RU,63.8986,122.7617,-30.75,100,74,3.58,broken clouds
292,Touros,BR,-5.1989,-35.4608,86.9,67,69,14.61,broken clouds
293,Baykit,RU,61.67,96.37,15.13,96,100,4.09,light snow
294,Porto Santo,PT,33.072,-16.3415,67.3,88,40,8.05,scattered clouds
295,Shahpur,IN,16.7,76.8333,75.22,33,4,12.08,clear sky
296,Chingirlau,KZ,51.095,54.0814,28.69,89,100,12.86,overcast clouds
297,Mildura,AU,-34.2,142.15,57.16,58,0,8.05,clear sky
298,Mayo,US,38.8876,-76.5119,52.25,96,100,1.01,moderate rain
299,Camacha,PT,33.0833,-16.3333,64.53,82,40,9.22,scattered clouds
300,Guerrero Negro,MX,27.9769,-114.0611,59.59,26,0,4.29,clear sky
301,Maibong,IN,25.3,93.1667,51.24,87,1,1.19,clear sky
302,Erkelenz,DE,51.0833,6.3167,45.52,88,100,1.99,overcast clouds
303,Lucea,JM,18.451,-78.1736,82.85,73,5,11.61,clear sky
304,Hebi,CN,35.8992,114.1925,33.24,48,11,6.31,few clouds
305,Karuzi,BI,-3.125,30.1333,61.29,92,100,2.37,overcast clouds
306,Vila Franca Do Campo,PT,37.7167,-25.4333,62.2,80,48,12.91,scattered clouds
307,Port-De-Bouc,FR,43.4,4.9833,55.96,90,100,5.75,overcast clouds
308,Chuzhou,CN,32.3219,118.2978,34.21,84,1,1.41,clear sky
309,Burnie,AU,-41.0667,145.9167,51.93,95,2,6.15,clear sky
310,Dhidhdhoo,MV,6.8833,73.1,80.62,72,7,4.12,clear sky
311,Praya,CV,14.9215,-23.5087,82.94,44,0,14.97,clear sky
312,Kaseda,JP,31.4167,130.3167,45.21,63,98,14.52,overcast clouds
313,Marzuq,YE,14.4,46.4667,63.45,33,0,0.63,clear sky
314,Kazerun,IR,29.6195,51.6541,55.71,35,0,2.26,clear sky
315,Kulachi,PK,31.9286,70.4592,55.11,48,0,6.31,clear sky
316,Mana,GF,5.6592,-53.7767,79.12,82,47,10.74,scattered clouds
317,Leh,IN,34.1667,77.5833,10.33,98,100,2.53,light snow
318,Ola,RU,59.5833,151.2833,0.68,78,47,11.52,scattered clouds
319,Puerto Escondido,MX,15.85,-97.0667,83.98,54,1,9.28,clear sky
320,Senanga,ZM,-16.1167,23.2667,66.27,97,100,5.95,moderate rain
321,Buin,CL,-33.7333,-70.75,84.06,25,97,11.61,overcast clouds
322,Lensk,RU,60.7253,114.9278,4.51,93,100,7.34,overcast clouds
323,Clermont,FR,49.5,2.4167,46.11,89,100,9.62,overcast clouds
324,Dalvik,IS,65.9702,-18.5286,17.53,94,94,7.4,light snow
325,Ormara,PK,25.2088,64.6357,69.53,29,0,14.63,clear sky
326,Harihar,IN,14.5167,75.8,67.15,76,0,5.93,clear sky
327,Baruun-Urt,MN,46.6806,113.2792,-12.6,89,4,4.99,clear sky
328,Dalby,AU,-27.1833,151.2667,64.98,96,76,1.01,broken clouds
329,Metu,ET,8.3,35.5833,65.59,55,87,3.83,overcast clouds
330,Batemans Bay,AU,-35.7167,150.1833,61.11,86,68,7.49,light rain
331,Constantine,DZ,36.365,6.6147,54.81,30,0,2.3,clear sky
332,Rio Verde De Mato Grosso,BR,-18.9181,-54.8442,83.07,75,97,9.19,moderate rain
333,Marystown,CA,47.1666,-55.1483,37.85,100,100,1.99,overcast clouds
334,Bonavista,CA,48.6499,-53.1147,37.11,81,100,25.03,overcast clouds
335,Pandamatenga,BW,-18.5278,25.627,70.57,78,4,6.02,clear sky
336,Boyolangu,ID,-8.1181,111.8935,76.03,89,99,1.95,overcast clouds
337,Kolbermoor,DE,47.85,12.0667,43.81,89,100,4.65,overcast clouds
338,Tiksi,RU,71.6872,128.8694,-10.23,100,100,4.12,overcast clouds
339,Naze,JP,28.3667,129.4833,55.69,77,100,16.22,overcast clouds
340,Peru,US,40.7537,-86.0689,20.68,90,100,17.27,snow
341,Miri,MY,4.4148,114.0089,77.14,100,40,2.3,scattered clouds
342,Kerema,PG,-7.9631,145.7785,77.54,74,100,3.15,overcast clouds
343,Dunedin,NZ,-45.8742,170.5036,54.81,90,100,1.57,light rain
344,Tabalosos,PE,-6.35,-76.6833,68.2,63,85,3.15,overcast clouds
345,Ghanzi,BW,-21.5667,21.7833,74.84,61,10,5.1,light rain
346,Cairns,AU,-16.9167,145.7667,78.75,91,100,2.3,light rain
347,Kavieng,PG,-2.5744,150.7967,80.67,79,100,7.83,light rain
348,Preobrazheniye,RU,42.9019,133.9064,10.51,69,2,8.16,clear sky
349,Irbit,RU,57.6705,63.071,29.07,96,100,11.01,light snow
350,Shyryayeve,UA,47.3805,30.1964,29.62,72,100,17.67,overcast clouds
351,Kungurtug,RU,50.5994,97.5228,-9.45,98,100,0.83,overcast clouds
352,Comodoro Rivadavia,AR,-45.8667,-67.5,66.06,63,75,9.22,light rain
353,Cabo San Lucas,MX,22.8909,-109.9124,75.51,55,20,5.01,few clouds
354,Pacific Grove,US,36.6177,-121.9166,64.56,57,0,1.01,clear sky
355,Patnos,TR,39.2336,42.8634,21.04,87,100,1.19,light snow
356,Siderno,IT,38.2779,16.302,55.83,68,5,10.58,clear sky
357,Kiama,AU,-34.6833,150.8667,58.48,75,87,3.0,overcast clouds
358,Bayan,CN,46.0833,127.4,-15.25,100,87,4.36,overcast clouds
359,Ucluelet,CA,48.9329,-125.5528,46.09,93,100,1.88,overcast clouds
360,Zhob,PK,31.3411,69.4481,42.82,35,0,7.45,clear sky
361,Indianola,US,41.3581,-93.5574,10.2,56,1,12.55,clear sky
362,Nikolskoye,RU,59.7035,30.7861,6.69,100,98,1.14,overcast clouds
363,Kargasok,RU,59.0556,80.8572,9.59,97,70,7.87,broken clouds
364,Fortuna,US,40.5982,-124.1573,50.94,82,75,4.0,broken clouds
365,Moratuwa,LK,6.773,79.8816,75.22,75,0,3.09,clear sky
366,Gbarnga,LR,6.9956,-9.4722,81.18,31,1,3.27,clear sky
367,Kieta,PG,-6.2167,155.6333,77.52,90,100,6.89,moderate rain
368,Nkhata Bay,MW,-11.6066,34.2907,75.34,81,29,2.93,scattered clouds
369,Palauig,PH,15.435,119.9045,77.25,78,21,8.1,few clouds
370,Vestmannaeyjar,IS,63.4427,-20.2734,25.79,80,0,17.27,clear sky
371,Port Hardy,CA,50.6996,-127.4199,42.76,93,100,13.8,light intensity drizzle
372,Khandyga,RU,62.6667,135.6,-28.12,99,100,1.25,overcast clouds
373,Bukachacha,RU,52.9833,116.9167,-17.07,96,17,4.25,few clouds
374,Makakilo City,US,21.3469,-158.0858,73.29,69,0,4.61,clear sky
375,Pangnirtung,CA,66.1451,-65.7125,1.4,85,100,13.8,light snow
376,Roblin,CA,51.23,-101.3565,-8.52,90,100,10.4,overcast clouds
377,Talaya,RU,61.3833,152.75,-23.06,99,100,2.75,overcast clouds
378,Taltal,CL,-25.4,-70.4833,71.11,62,22,8.72,few clouds
379,Boysun,UZ,38.2061,67.1986,31.8,66,0,6.44,clear sky
380,Ximei,CN,24.9639,118.3794,53.94,91,100,3.24,overcast clouds
381,Solnechnyy,RU,50.7214,136.6319,-11.42,98,62,2.77,broken clouds
382,Usolye,RU,59.4268,56.6808,27.21,99,100,3.13,overcast clouds
383,Forio,IT,40.7342,13.8646,51.46,51,8,6.55,clear sky
384,Naregal,IN,15.5833,75.8167,68.0,60,6,13.22,clear sky
385,Gornopravdinsk,RU,60.05,69.9,24.19,95,100,11.68,snow
386,Gambela,ET,8.25,34.5833,88.47,28,100,3.56,overcast clouds
387,Koutsouras,GR,35.0339,25.9469,52.11,83,100,34.63,overcast clouds
388,Mount Isa,AU,-20.7333,139.5,73.17,40,100,10.36,overcast clouds
389,Raudeberg,NO,61.9875,5.1352,45.95,91,100,11.01,overcast clouds
390,Oranjemund,NA,-28.55,16.4333,66.11,80,14,15.77,few clouds
391,Port Hedland,AU,-20.3167,118.5667,78.85,83,62,6.91,broken clouds
392,Oktyabrskiy,RU,54.4815,53.471,32.61,98,100,9.71,light snow
393,Parabel,RU,58.6978,81.4825,10.06,97,75,7.2,broken clouds
394,Lavrentiya,RU,65.5833,-171.0,-2.13,62,1,23.55,clear sky
395,Alihe,CN,50.5667,123.7167,-11.09,96,17,3.51,few clouds
396,Pitimbu,BR,-7.4706,-34.8086,84.79,67,88,11.23,overcast clouds
397,Kharitonovo,RU,61.4009,47.4978,14.04,97,95,3.65,light snow
398,Codrington,AU,-38.2667,141.9667,59.16,70,100,12.35,overcast clouds
399,Tessalit,ML,20.1986,1.0114,68.47,9,62,10.98,broken clouds
400,Saint-Pierre,RE,-21.3393,55.4781,80.24,94,75,37.98,heavy intensity rain
401,Port Lincoln,AU,-34.7333,135.8667,61.7,73,61,15.1,broken clouds
402,Half Moon Bay,US,37.4636,-122.4286,62.87,63,0,6.91,mist
403,Phibun Mangsahan,TH,15.2447,105.2291,69.78,75,100,5.68,overcast clouds
404,Powell River,CA,49.8496,-124.5361,39.27,100,100,3.44,mist
405,Bow Island,CA,49.8668,-111.3684,10.78,75,100,0.0,overcast clouds
406,Itoman,JP,26.1247,127.6694,62.62,92,75,9.22,broken clouds
407,Puro,PH,12.4841,123.3827,76.62,90,99,11.81,overcast clouds
408,Pasighat,IN,28.0667,95.3333,54.25,69,74,4.41,broken clouds
409,Birobidzhan,RU,48.8,132.95,-18.18,97,7,3.11,clear sky
410,Katsuura,JP,35.1333,140.3,42.19,61,97,13.24,overcast clouds
411,Tambun,ID,-6.2641,107.0712,83.48,84,100,5.59,overcast clouds
412,Sisimiut,GL,66.9395,-53.6735,17.02,81,100,15.59,overcast clouds
413,Basco,PH,20.4487,121.9702,75.22,79,50,16.67,scattered clouds
414,Berlevag,NO,70.8578,29.0864,22.95,74,75,4.61,light shower snow
415,Vrangel,RU,42.7297,133.0839,13.24,65,0,12.48,clear sky
416,Stephenville,US,32.2207,-98.2023,23.09,86,100,0.0,overcast clouds
417,Fairbanks,US,64.8378,-147.7164,-14.8,63,0,5.75,clear sky
418,Lompoc,US,34.6391,-120.4579,66.56,47,75,1.01,broken clouds
419,Harper,LR,4.375,-7.7169,80.73,78,3,8.16,clear sky
420,Haines Junction,CA,60.7522,-137.5108,-7.65,71,100,0.0,overcast clouds
421,Shetpe,KZ,44.1667,52.1167,44.4,49,10,21.94,clear sky
422,Khandbari,NP,27.3747,87.2039,50.23,79,100,2.86,overcast clouds
423,Guangyuan,CN,32.442,105.823,37.49,87,87,2.37,overcast clouds
424,Khabary,RU,53.6259,79.5345,3.45,98,76,7.9,broken clouds
425,Samos,GR,37.7572,26.9769,49.96,80,40,3.0,scattered clouds
426,Roma,US,43.2128,-75.4557,38.66,91,100,9.22,snow
427,Bom Jesus,BR,-9.0744,-44.3586,90.48,48,100,4.38,overcast clouds
428,Bijie,CN,27.3125,105.2942,34.2,99,100,4.68,light snow
429,Karpogory,RU,64.0019,44.4451,-1.17,100,98,2.24,overcast clouds
430,Ornskoldsvik,SE,63.2909,18.7153,9.55,92,100,3.44,light snow
431,Sassandra,CI,4.95,-6.0833,80.44,78,1,7.81,clear sky
432,Mananjary,MG,-21.2167,48.3333,75.99,92,100,12.1,moderate rain
433,Concarneau,FR,47.875,-3.9225,49.05,79,50,6.11,scattered clouds
434,Seoul,KR,37.5683,126.9778,24.24,66,0,2.3,clear sky
435,Yamada,JP,39.4667,141.95,28.26,58,6,6.46,clear sky
436,Perbaungan,ID,3.5679,98.956,77.11,92,27,3.94,scattered clouds
437,Saint-Paul,RE,-21.0096,55.2707,80.69,91,100,12.68,heavy intensity rain
438,Sindou,BF,10.6667,-5.1667,80.19,10,59,4.32,broken clouds
439,Cangucu,BR,-31.395,-52.6756,88.81,23,83,5.12,broken clouds
440,Whitehaven,GB,54.549,-3.5841,51.85,96,99,15.99,overcast clouds
441,Fontem,CM,5.4685,9.8818,77.63,43,100,1.57,overcast clouds
442,Bilma,NE,18.6853,12.9164,60.08,18,0,11.34,clear sky
443,Krasnorechenskiy,RU,44.6265,135.3532,-1.41,91,71,10.71,broken clouds
444,Nortelandia,BR,-14.4547,-56.8028,85.98,61,85,5.91,overcast clouds
445,Nuuk,GL,64.1835,-51.7216,23.61,93,100,9.22,light snow
446,Paulo Afonso,BR,-9.4061,-38.2147,97.09,30,40,5.75,scattered clouds
447,Natal,BR,-5.795,-35.2094,88.02,66,40,18.41,scattered clouds
448,Nemuro,JP,43.3236,145.575,20.75,75,19,14.2,few clouds
449,Aland,IN,17.5667,76.5667,72.41,33,7,9.1,clear sky
450,Yeppoon,AU,-23.1333,150.7333,74.98,89,100,6.62,overcast clouds
451,Bandar-E Lengeh,IR,26.5579,54.8807,64.51,63,0,4.61,clear sky
452,Idritsa,RU,56.3316,28.8988,6.66,100,91,1.25,overcast clouds
453,Taybad,IR,34.74,60.7756,44.17,46,1,1.81,clear sky
454,Vila,PT,42.0304,-8.1588,46.33,83,100,3.15,overcast clouds
455,Merauke,ID,-8.4667,140.3333,78.85,83,86,9.53,overcast clouds
456,Ketchikan,US,55.3422,-131.6461,42.78,93,100,10.36,light rain
457,Pula,HR,44.8683,13.8481,47.26,81,0,4.61,clear sky
458,Vanavara,RU,60.34,102.2797,11.28,95,100,7.38,overcast clouds
459,Palaia Fokaia,GR,37.72,23.9463,47.71,65,80,28.66,broken clouds
460,Tutoia,BR,-2.7619,-42.2744,89.58,69,91,11.52,overcast clouds
461,Juegang,CN,32.3174,121.1855,34.99,63,3,6.02,clear sky
462,Skjervoy,NO,70.0311,20.9714,24.98,73,28,24.05,scattered clouds
463,Roald,NO,62.5833,6.1333,46.09,75,40,14.97,scattered clouds
464,Shagonar,RU,51.5333,92.8,-19.03,97,78,0.58,broken clouds
465,Acajutla,SV,13.5928,-89.8275,95.34,58,2,10.09,clear sky
466,Bereda,ES,43.2686,-7.5406,52.0,88,49,3.29,scattered clouds
467,Asfi,MA,32.2994,-9.2372,62.74,72,100,11.41,overcast clouds
468,Cockburn Town,TC,21.4612,-71.1419,75.16,76,25,24.29,scattered clouds
469,Padang,ID,-0.9492,100.3543,75.25,92,100,3.06,overcast clouds
470,Wahiawa,US,21.5028,-158.0236,71.8,65,0,5.64,clear sky
471,Loreto,MX,22.2667,-101.9667,70.95,21,5,19.71,clear sky
472,Zhucheng,CN,35.9947,119.3975,28.26,51,100,5.01,overcast clouds
473,College,US,64.8569,-147.8028,-0.74,65,75,8.05,broken clouds
474,Svobodnyy,RU,51.4,128.1333,-10.05,90,13,9.8,few clouds
475,Praia Da Vitoria,PT,38.7333,-27.0667,61.05,88,40,12.64,scattered clouds
476,Taoudenni,ML,22.6783,-3.9836,70.59,16,88,11.12,overcast clouds
477,Andenes,NO,69.3143,16.1194,21.18,63,0,23.02,clear sky
478,Yuzhno-Kurilsk,RU,44.0306,145.8556,22.91,69,98,13.65,overcast clouds
479,Akyab,MM,20.15,92.9,65.64,69,3,5.97,clear sky
480,Palhoca,BR,-27.802,-48.6591,89.06,62,20,20.71,few clouds
481,Klichka,RU,50.4457,117.996,-24.03,96,30,4.18,scattered clouds
482,Bunesti,RO,46.8333,27.9667,29.84,70,6,14.83,clear sky
483,Wamba,NG,8.9333,8.6,77.81,16,12,0.56,few clouds
484,Tilichiki,RU,60.4667,166.1,3.54,82,100,10.8,overcast clouds
485,Nanortalik,GL,60.1432,-45.2371,28.71,77,100,15.55,light snow
486,Sabha,LY,27.0377,14.4283,53.01,42,0,5.41,clear sky
487,Talcahuano,CL,-36.7167,-73.1167,63.72,79,58,13.6,broken clouds
488,Surgut,RU,61.25,73.4167,23.18,85,100,8.99,snow
489,Shu,KZ,43.5983,73.7614,31.23,86,12,3.96,few clouds
490,San Quintin,MX,30.4833,-115.95,60.44,45,0,8.61,clear sky
491,Touba,CI,8.2833,-7.6833,79.68,10,0,2.37,clear sky
492,Sharanga,RU,57.1775,46.5396,4.3,100,100,2.8,overcast clouds
493,Agadez,NE,19.75,10.25,57.34,18,0,7.72,clear sky
494,Pucallpa,PE,-8.3791,-74.5539,84.24,70,75,5.75,broken clouds
495,Brenham,US,30.1669,-96.3977,36.82,79,100,14.97,snow
496,Evensk,RU,61.95,159.2333,16.56,41,62,24.61,broken clouds
497,Roanoke Rapids,US,36.4615,-77.6542,69.44,82,100,6.91,overcast clouds
498,Lishu,CN,43.3047,124.3278,3.56,67,0,7.72,clear sky
499,Tokonou,GN,9.65,-9.7833,79.43,11,2,4.25,clear sky
500,Zirgan,RU,53.2222,55.9185,29.3,88,100,13.49,overcast clouds
501,Matalom,PH,10.2831,124.7878,77.83,83,100,6.93,overcast clouds
502,Inongo,CD,-1.95,18.2667,73.58,85,100,5.12,overcast clouds
503,Polis,CY,35.0367,32.4264,53.42,86,100,10.94,overcast clouds
504,Mount Pleasant,US,32.7941,-79.8626,76.1,66,0,1.99,clear sky
505,Sladkovo,RU,55.5284,70.3385,19.15,85,100,13.65,overcast clouds
506,Turayf,SA,31.6725,38.6637,53.85,54,0,6.91,clear sky
507,Dhanera,IN,24.5167,72.0167,56.59,40,0,1.45,clear sky
508,Viedma,AR,-40.8135,-62.9967,87.91,23,1,13.31,clear sky
509,Sao Filipe,CV,14.8961,-24.4956,74.39,70,0,7.49,clear sky
510,Burnham,US,41.6389,-87.5567,25.02,74,100,8.01,overcast clouds
511,Banda Aceh,ID,5.5577,95.3222,78.51,80,94,1.25,overcast clouds
512,Awjilah,LY,29.1081,21.2869,54.55,57,9,17.94,clear sky
513,Bayangol,RU,50.6977,103.4656,-7.94,96,100,2.82,overcast clouds
514,Santa Barbara,US,34.7333,-120.0343,59.77,47,0,0.0,clear sky
515,Korla,CN,41.7597,86.1469,26.15,49,100,6.35,overcast clouds
516,Lata,PT,40.1629,-8.3327,55.81,90,100,1.86,overcast clouds
517,Mao,ES,39.8885,4.2658,55.96,94,0,8.05,clear sky
518,Nizhneangarsk,RU,55.7833,109.55,-10.16,90,86,3.89,overcast clouds
519,Zhigansk,RU,66.7697,123.3711,-31.5,99,100,2.21,overcast clouds
520,Kitami,JP,43.8031,143.8908,18.12,92,88,4.88,overcast clouds
521,Henties Bay,NA,-22.116,14.2845,69.85,80,0,11.79,clear sky
522,Iquique,CL,-20.2208,-70.1431,72.75,69,11,9.13,few clouds
523,Sola,VU,-13.8833,167.55,75.87,100,100,0.0,overcast clouds
524,Shubarshi,KZ,48.5872,57.1869,23.04,80,100,14.34,overcast clouds
525,Hammerfest,NO,70.6634,23.6821,24.53,68,0,9.22,clear sky
526,Hualmay,PE,-11.0964,-77.6139,76.46,69,22,12.08,few clouds
527,Acari,PE,-15.4311,-74.6158,82.18,53,10,12.88,clear sky
528,Contai,IN,21.7786,87.7536,71.24,80,0,8.9,clear sky
529,Susono,JP,35.2184,138.8817,38.28,68,99,2.04,overcast clouds
530,Platanos,GR,37.6667,21.6167,48.07,64,1,5.12,clear sky
531,Syracuse,IT,37.0881,15.2792,54.99,50,0,12.24,clear sky
532,Ryki,PL,51.6257,21.9327,35.28,50,100,8.61,overcast clouds
533,Yulara,AU,-25.2406,130.9889,62.44,59,81,8.05,broken clouds
534,Nola,IT,40.922,14.5329,51.58,57,15,1.68,few clouds
535,Vanino,RU,49.0869,140.2543,5.11,72,100,7.38,overcast clouds
536,Nyrob,RU,60.733,56.7202,1.85,100,100,1.36,overcast clouds
537,Komarikhinskiy,RU,58.0979,57.1163,25.79,97,100,4.16,overcast clouds
538,Pathein,MM,16.7833,94.7333,64.35,76,7,4.25,clear sky
539,Nioaque,BR,-21.1353,-55.83,86.0,66,94,7.99,overcast clouds
540,Baghdad,IQ,33.3406,44.4009,51.71,54,75,6.91,broken clouds
541,Lang Suan,TH,9.9456,99.0785,77.31,87,25,5.99,scattered clouds
542,Acapulco,MX,16.8634,-99.8901,82.38,55,0,7.67,clear sky
543,Lima,PE,-12.0432,-77.0282,81.9,60,0,7.0,clear sky
544,Makokou,GA,0.5738,12.8642,72.93,86,100,3.33,overcast clouds
545,Coahuayana,MX,18.7333,-103.6833,86.02,29,0,6.93,clear sky
546,Portland,US,45.5234,-122.6762,47.95,91,100,1.01,light intensity drizzle
547,Belaya Gora,RU,68.5333,146.4167,-34.96,100,74,1.36,broken clouds
548,Verkhniy Fiagdon,RU,42.8333,44.3053,21.87,45,100,7.49,overcast clouds
549,Rosetown,CA,51.5501,-108.0014,-7.62,71,96,14.97,overcast clouds
550,Maltahohe,NA,-24.8333,16.9833,73.83,48,38,14.65,scattered clouds
551,Rizhao,CN,35.4275,119.4553,31.93,57,52,4.29,broken clouds
552,Arlit,NE,18.7369,7.3853,63.07,14,0,13.62,clear sky
553,Berdigestyakh,RU,62.0989,126.6992,-21.14,99,99,4.27,overcast clouds
554,Khilok,RU,51.3674,110.4676,-13.14,99,93,2.66,overcast clouds
555,Kaka,TM,37.3482,59.6143,48.6,34,27,8.75,scattered clouds
556,Canutama,BR,-6.5339,-64.3831,81.52,85,78,2.66,broken clouds
557,Matay,EG,28.419,30.7792,55.31,45,9,10.65,clear sky
558,Tecoanapa,MX,16.5167,-98.75,81.12,60,0,10.29,clear sky
559,Beringovskiy,RU,63.05,179.3167,0.57,78,100,21.32,overcast clouds
560,Hervey Bay,AU,-25.2986,152.8535,72.03,96,100,8.99,overcast clouds
561,Mezen,RU,65.8522,44.24,1.06,99,90,2.95,overcast clouds
562,Bhatkal,IN,13.9667,74.5667,73.42,85,29,2.73,scattered clouds
563,Taguatinga,BR,-12.3857,-46.5711,81.19,68,81,3.18,broken clouds
564,Denpasar,ID,-8.65,115.2167,80.26,94,75,6.91,heavy intensity rain
565,Narsaq,GL,60.9167,-46.05,23.22,97,100,8.81,snow
566,Marsa Matruh,EG,31.3525,27.2453,53.8,54,0,21.85,clear sky
567,Viru,PE,-8.4167,-78.75,69.1,51,83,12.86,broken clouds
568,Jaciara,BR,-15.9653,-54.9683,84.56,74,46,5.91,scattered clouds
569,Kamenka,RU,51.3223,42.7678,32.76,100,100,5.66,snow
570,Quang Ngai,VN,15.1167,108.8,69.12,91,100,7.7,overcast clouds
571,Tual,ID,-5.6667,132.75,82.15,77,95,14.56,overcast clouds
572,Phangnga,TH,8.4509,98.5298,77.04,91,34,3.58,scattered clouds
573,Hamilton,US,39.1834,-84.5333,30.83,93,100,1.99,snow
574,Bilibino,RU,68.0546,166.4372,-8.12,63,0,4.61,clear sky
575,Ca Mau,VN,9.1769,105.15,76.82,84,47,10.4,scattered clouds
576,Linxia,CN,35.6003,103.2064,16.36,83,91,3.06,overcast clouds
577,Broome,US,42.2506,-75.833,37.45,78,100,1.99,mist
578,Scottsbluff,US,41.8666,-103.6672,20.79,59,0,0.0,clear sky
579,Parkes,AU,-33.1333,148.1833,59.36,56,0,10.92,clear sky
580,Tarakan,ID,3.3,117.6333,78.3,89,20,3.44,few clouds
581,Carutapera,BR,-1.195,-46.02,79.61,87,100,7.36,overcast clouds
582,Rocha,UY,-34.4833,-54.3333,79.57,71,100,10.87,overcast clouds
583,Zarubino,RU,42.63,131.0922,13.28,62,1,18.12,clear sky
584,Mwingi,KE,-0.9344,38.0601,69.12,70,100,2.59,overcast clouds
585,Letlhakeng,BW,-24.0944,25.0298,71.92,68,92,0.22,light rain
586,Heihe,CN,50.2441,127.4902,-3.42,85,14,10.2,few clouds
587,Cam Ranh,VN,11.9214,109.1591,75.16,78,20,9.22,few clouds
588,Orlik,RU,52.5178,99.825,-14.67,94,100,1.92,overcast clouds
589,Soni,TZ,-4.85,38.3667,65.7,89,100,3.36,overcast clouds
590,Tomatlan,MX,19.9333,-105.25,85.69,30,12,5.86,few clouds
591,Gulu,UG,2.7746,32.299,78.58,37,100,6.29,overcast clouds
592,Ibra,OM,22.6906,58.5334,66.02,40,0,5.66,clear sky
593,Menongue,AO,-14.6585,17.691,63.61,94,100,9.19,moderate rain
594,Mopti,ML,14.6667,-4.0,87.84,18,0,4.61,clear sky
595,Tabou,CI,4.423,-7.3528,80.91,77,5,8.03,clear sky
596,Salinopolis,BR,-0.6136,-47.3561,82.99,71,79,11.97,broken clouds
597,Taos,US,36.4072,-105.5731,22.19,74,0,3.0,clear sky
598,Pahrump,US,36.2083,-115.9839,48.06,21,0,1.99,clear sky
599,Santa Maria,BR,-29.6842,-53.8069,81.7,57,75,17.27,thunderstorm
600,Asyut,EG,27.181,31.1837,59.18,41,1,8.7,clear sky
601,Luwingu,ZM,-10.2621,29.9271,63.18,96,98,5.53,overcast clouds
602,Costinesti,RO,43.95,28.6333,37.02,63,7,17.25,clear sky
603,Sivas,TR,39.7916,37.0019,34.43,80,100,24.16,light snow
604,Moissala,TD,8.3404,17.7663,78.51,15,61,5.5,broken clouds
605,Griffith,US,41.5284,-87.4237,24.89,75,100,7.0,overcast clouds
606,Elizabeth City,US,36.2946,-76.2511,70.05,52,20,14.97,few clouds
607,Gorom-Gorom,BF,14.4439,-0.2361,75.63,10,4,9.48,clear sky
608,Turki,RU,51.987,43.2731,32.22,100,100,4.5,snow
609,Crotone,IT,39.0851,17.1178,44.69,57,3,17.81,clear sky
610,Moerai,PF,-22.4333,-151.3333,78.84,76,20,13.13,few clouds
611,Naryan-Mar,RU,67.6713,53.087,-1.61,100,97,4.5,overcast clouds
612,Shelburne,CA,44.0787,-80.2041,15.13,62,100,14.41,overcast clouds
613,Trairi,BR,-3.2778,-39.2689,83.75,69,100,12.37,overcast clouds
614,Biltine,TD,14.5333,20.9167,70.81,10,5,9.53,clear sky
615,Kathmandu,NP,27.7167,85.3167,48.42,93,75,6.91,moderate rain
616,Peniche,PT,39.3558,-9.3811,58.62,80,97,4.5,overcast clouds
617,Mitchell,US,43.7094,-98.0298,10.11,41,0,7.0,clear sky
618,Opuwo,NA,-18.0607,13.84,72.91,43,16,10.11,few clouds
619,San Juan,AR,-31.5375,-68.5364,89.8,26,2,9.55,clear sky
620,Vestmanna,FO,62.1564,-7.1664,36.52,70,75,25.32,broken clouds
621,Lagoa,PT,39.05,-27.9833,57.54,74,100,13.13,overcast clouds
622,Cerro Cama,PA,9.03,-79.905,93.11,55,80,6.49,broken clouds
623,Vawkavysk,BY,53.1561,24.4513,23.34,98,100,4.92,overcast clouds
624,Tsaratanana,MG,-16.7833,47.65,75.0,87,100,1.59,moderate rain
625,Teguldet,RU,57.3064,88.1667,13.23,95,100,7.16,overcast clouds
626,Sinnamary,GF,5.3833,-52.95,78.8,85,43,11.34,scattered clouds
627,Ipixuna,BR,-1.7625,-48.8043,78.75,82,100,4.76,overcast clouds
628,Yichang,CN,30.7144,111.2847,38.71,57,71,1.61,broken clouds
629,Fairfield,US,41.2668,-73.3162,44.69,96,100,4.61,moderate rain
630,Houston,US,29.7633,-95.3633,41.99,83,100,3.0,overcast clouds
631,Cerkezkoy,TR,41.285,28.0003,42.22,81,75,13.8,broken clouds
632,Wanaka,NZ,-44.7,169.15,52.11,94,100,1.99,light rain
633,North Bend,US,43.4065,-124.2243,48.85,96,0,6.91,clear sky
634,Ha Giang,VN,22.8333,104.9833,52.14,96,66,0.92,broken clouds
635,Manggar,ID,-2.8833,108.2667,77.9,86,28,5.91,scattered clouds
636,Kankan,GN,10.3854,-9.3057,80.67,11,0,3.98,clear sky
637,Martapura,ID,-3.4167,114.85,75.29,100,100,2.3,overcast clouds
638,Rexburg,US,43.826,-111.7897,16.86,67,100,0.0,overcast clouds
639,Baherden,TM,38.4362,57.4316,52.43,28,57,9.42,broken clouds
640,Quatre Cocos,MU,-20.2078,57.7625,80.71,91,100,24.81,moderate rain
641,Sangar,RU,63.9242,127.4739,-24.41,99,100,2.46,overcast clouds
642,Boffa,GN,10.1667,-14.0333,82.51,70,5,8.52,clear sky
643,Troitskoye,RU,52.9821,84.6757,-1.55,100,93,2.82,overcast clouds
644,Necochea,AR,-38.5473,-58.7368,78.04,56,100,14.88,overcast clouds
645,Hapao,PH,16.8797,121.016,62.58,96,9,1.7,clear sky
646,Los Llanos De Aridane,ES,28.6585,-17.9182,67.12,70,20,1.01,few clouds
647,Kisangani,CD,0.5167,25.2,78.69,64,99,4.83,overcast clouds
648,Asau,RO,46.4333,26.4,28.96,79,96,2.59,overcast clouds
649,Tombouctou,ML,20.0,-3.0,70.7,10,0,7.78,clear sky
650,Xichang,CN,27.8964,102.2634,40.53,84,85,0.74,overcast clouds
651,Belogorsk,RU,50.9158,128.4611,-18.47,99,12,5.59,few clouds
652,Otane,NZ,-39.8833,176.6333,67.39,67,0,1.52,clear sky
653,Key West,US,24.5557,-81.7826,84.2,65,0,17.27,clear sky
654,Yiyang,CN,28.5892,112.3283,36.84,87,6,2.51,clear sky
655,Nara,JP,34.6851,135.8049,40.28,62,33,3.22,scattered clouds
656,Fare,PF,-16.7,-151.0167,80.62,73,9,18.05,clear sky
657,Saint Joseph,US,39.7686,-94.8466,17.65,56,0,16.11,clear sky
658,Launceston,AU,-41.45,147.1667,48.79,81,0,11.5,clear sky
659,Gimli,CA,50.6336,-96.9907,-6.88,64,100,12.66,overcast clouds
660,Barbosa Ferraz,BR,-24.03,-52.0117,88.09,85,81,4.88,broken clouds
661,Pervomayskoye,RU,43.919,46.7102,39.79,96,100,5.37,overcast clouds
662,Novosysoyevka,RU,44.235,133.3642,-2.65,100,100,2.21,overcast clouds
663,Canico,PT,32.6333,-16.85,68.0,85,40,1.01,scattered clouds
664,Nybro,SE,56.7446,15.9071,37.02,98,100,7.83,light snow
665,Pisco,PE,-13.7,-76.2167,69.85,78,0,8.05,clear sky
666,Porto Velho,BR,-8.7619,-63.9039,84.25,70,40,6.91,scattered clouds
667,Ballina,AU,-28.8667,153.5667,68.04,82,100,10.36,overcast clouds
668,Chara,RU,56.9064,118.2631,-23.1,90,83,0.51,broken clouds
669,Dvinskoy,RU,62.1535,45.1175,8.89,99,96,2.33,overcast clouds
670,Westport,US,41.1415,-73.3579,45.81,96,100,1.01,light rain
671,Anaconda,US,46.1285,-112.9423,24.96,69,54,5.44,broken clouds
672,Qena,EG,26.1615,32.7183,60.91,27,0,8.48,clear sky
673,Chardara,KZ,41.2547,67.9692,41.49,59,0,7.74,clear sky
674,Kovur,IN,14.4833,79.9833,71.69,80,53,8.66,broken clouds
675,Hauterive,FR,46.0901,3.4459,43.56,84,100,1.21,overcast clouds
676,Mastic Beach,US,40.7668,-72.8521,46.02,96,100,1.01,light rain
677,Kasongo-Lunda,CD,-6.4667,16.8167,71.06,93,100,2.86,moderate rain
678,Kholm,RU,59.2667,32.85,5.07,99,93,1.12,overcast clouds
679,Okhotsk,RU,59.3833,143.3,1.96,76,73,18.07,broken clouds
680,Sinjar,IQ,36.3209,41.8754,48.18,53,97,11.41,overcast clouds
681,Barsovo,RU,61.1667,73.1667,23.13,93,100,13.65,light snow
682,Abeokuta,NG,7.15,3.35,83.75,44,31,6.58,scattered clouds
683,Gavle,SE,60.6745,17.1417,21.76,82,100,5.01,overcast clouds
684,Imeni Poliny Osipenko,RU,52.4201,136.4853,-18.94,100,100,1.36,overcast clouds
685,Oktyabrskoye,RU,43.0645,44.7417,28.54,100,100,2.24,overcast clouds
686,Sandakan,MY,5.8402,118.1179,80.28,78,20,5.99,few clouds
687,Yagodnoye,RU,62.55,149.6667,-12.86,99,100,3.29,overcast clouds
688,Petropavlovsk-Kamchatskiy,RU,53.0452,158.6483,21.79,74,75,6.71,broken clouds
689,Deep River,CA,46.1001,-77.4995,14.43,72,100,8.95,overcast clouds
690,Mitsamiouli,KM,-11.3847,43.2844,82.69,83,20,5.75,light rain
691,Vydrino,RU,51.485,104.8461,4.03,89,40,2.95,scattered clouds
692,Bocas Del Toro,PA,9.3333,-82.25,91.08,69,0,8.43,clear sky
693,Thinadhoo,MV,0.5333,72.9333,81.7,72,16,4.7,few clouds
694,Christchurch,NZ,-43.5333,172.6333,59.92,92,100,1.01,overcast clouds
695,Seymour,US,38.9592,-85.8903,29.12,92,100,8.01,snow
696,Ginda,IN,30.6945,78.4932,36.37,97,100,2.55,overcast clouds
697,Beachwood,US,41.4645,-81.5087,26.62,93,100,7.0,snow
698,Trincomalee,LK,8.5711,81.2335,77.31,66,0,3.2,clear sky
699,Umm Lajj,SA,25.0213,37.2685,69.89,57,0,3.62,clear sky
700,Sao Miguel Do Araguaia,BR,-13.275,-50.1628,84.22,72,66,5.23,broken clouds
